"OBJECTID","ID_0","ISO","NAME_0","ID_1","NAME_1","ID_2","NAME_2","TYPE_2","ENGTYPE_2","NL_NAME_2","VARNAME_2"
1,210,"SOM","Somalia",1,"Awdal",1,"Baki","District","District",NA,NA
2,210,"SOM","Somalia",1,"Awdal",2,"Boorama","District","District",NA,"Boramo| Borama"
3,210,"SOM","Somalia",1,"Awdal",3,"Lughaya","District","District",NA,"Lughaye"
4,210,"SOM","Somalia",1,"Awdal",4,"Zeylac","District","District",NA,"Saylac"
5,210,"SOM","Somalia",2,"Bakool",5,"Ceel Barde","District","District",NA,"Ceel Barde|El Barde"
6,210,"SOM","Somalia",2,"Bakool",6,"Rab Dhuure","District","District",NA,NA
7,210,"SOM","Somalia",2,"Bakool",7,"Tiyeeglow","District","District",NA,"Tiyeglow"
8,210,"SOM","Somalia",2,"Bakool",8,"Wajid","District","District",NA,NA
9,210,"SOM","Somalia",2,"Bakool",9,"Xudur","District","District",NA,"Hudur"
10,210,"SOM","Somalia",3,"Banaadir",10,"Mogadisho","District","District",NA,"Mogadishu"
11,210,"SOM","Somalia",4,"Bari",11,"Bander-Beyla","District","District",NA,"Bender Bayla| Bander Beila"
12,210,"SOM","Somalia",4,"Bari",12,"Bosaaso","District","District",NA,"Bosaso"
13,210,"SOM","Somalia",4,"Bari",13,"Calawla","District","District",NA,"Alula"
14,210,"SOM","Somalia",4,"Bari",14,"Iskushuban","District","District",NA,"Iskhushuban"
15,210,"SOM","Somalia",4,"Bari",15,"Qandala","District","District",NA,"Kandala"
16,210,"SOM","Somalia",4,"Bari",16,"Qardho","District","District",NA,"Gardo"
17,210,"SOM","Somalia",5,"Bay",17,"Baydhabo","District","District",NA,"Baydhaba| Baidoa"
18,210,"SOM","Somalia",5,"Bay",18,"Buur Xakaba","District","District",NA,"Burhakaba| Bur Hacaba| Buurhakaba"
19,210,"SOM","Somalia",5,"Bay",19,"Diinsoor","District","District",NA,"Dinsor"
20,210,"SOM","Somalia",5,"Bay",20,"Qansax Dheere","District","District",NA,"Qansadhere"
21,210,"SOM","Somalia",6,"Galguduud",21,"Caabudwaaq","District","District",NA,"Cabudwaaq"
22,210,"SOM","Somalia",6,"Galguduud",22,"Cadaado","District","District",NA,"Adado"
23,210,"SOM","Somalia",6,"Galguduud",23,"Ceel Buur","District","District",NA,"Ceelbur|El Bur"
24,210,"SOM","Somalia",6,"Galguduud",24,"Ceel Dheer","District","District",NA,"Ceeldeer|El Dere"
25,210,"SOM","Somalia",6,"Galguduud",25,"Dhuusamareeb","District","District",NA,"Dhusa-Mareb"
26,210,"SOM","Somalia",7,"Gedo",26,"Baar-Dheere","District","District",NA,"Bardhere| Baardheere|Bardera"
27,210,"SOM","Somalia",7,"Gedo",27,"Beled Xaawo","District","District",NA,"Beletxawa| Bula-hawa| Belet Hawa"
28,210,"SOM","Somalia",7,"Gedo",28,"Ceel Waaq","District","District",NA,"Ceelwaaq|El Wak| El Waq"
29,210,"SOM","Somalia",7,"Gedo",29,"Dolow","District","District",NA,"Doolow"
30,210,"SOM","Somalia",7,"Gedo",30,"Garbahaaray","District","District",NA,"Garbaharey| Garbahaarreey"
31,210,"SOM","Somalia",7,"Gedo",31,"Luuk","District","District",NA,"Luuq| Lugh"
32,210,"SOM","Somalia",8,"Hiiraan",32,"Beled Weyn","District","District",NA,"Beletweyne| Beledweyne"
33,210,"SOM","Somalia",8,"Hiiraan",33,"Buulo Burdo","District","District",NA,"Bulo-Burte| Bula-Brif| Buuloburde| Bulo Burti"
34,210,"SOM","Somalia",8,"Hiiraan",34,"Jalalaqsi","District","District",NA,NA
35,210,"SOM","Somalia",9,"Jubbada Dhexe",35,"Bu'aale","District","District",NA,"Buale"
36,210,"SOM","Somalia",9,"Jubbada Dhexe",36,"Jilib","District","District",NA,NA
37,210,"SOM","Somalia",9,"Jubbada Dhexe",37,"Saakow","District","District",NA,"Sakow"
38,210,"SOM","Somalia",10,"Jubbada Hoose",38,"Afmadow","District","District",NA,NA
39,210,"SOM","Somalia",10,"Jubbada Hoose",39,"Badhaadhe","District","District",NA,"Badhadhe"
40,210,"SOM","Somalia",10,"Jubbada Hoose",40,"Jamaame","District","District",NA,"Jamame"
41,210,"SOM","Somalia",10,"Jubbada Hoose",41,"Kismaayo","District","District",NA,"Kismayo"
42,210,"SOM","Somalia",11,"Mudug",42,"Gaalkacayo","District","District",NA,"Galkacyo| Galkayo"
43,210,"SOM","Somalia",11,"Mudug",43,"Goldogob","District","District",NA,NA
44,210,"SOM","Somalia",11,"Mudug",44,"Hobyo","District","District",NA,NA
45,210,"SOM","Somalia",11,"Mudug",45,"Jariiban","District","District",NA,"Jeriban|Jarban"
46,210,"SOM","Somalia",11,"Mudug",46,"Xarardheere","District","District",NA,"Haradhere| Harardheere"
47,210,"SOM","Somalia",12,"Nugaal",47,"Burtinle","District","District",NA,NA
48,210,"SOM","Somalia",12,"Nugaal",48,"Eyl","District","District",NA,NA
49,210,"SOM","Somalia",12,"Nugaal",49,"Garoowe","District","District",NA,"Garowe"
50,210,"SOM","Somalia",13,"Sanaag",50,"Badhan","District","District",NA,"Las Qoray"
51,210,"SOM","Somalia",13,"Sanaag",51,"Ceel-Afwein","District","District",NA,"Ceelafyeyn| Ceel Afwayn| El Afwein"
52,210,"SOM","Somalia",13,"Sanaag",52,"Ceerigaabo","District","District",NA,"Ceerigabo|Erigavo| Erigabo"
53,210,"SOM","Somalia",14,"Shabeellaha Dhexe",53,"Aadan","District","District",NA,"Adan Yabal| Aden Yabal"
54,210,"SOM","Somalia",14,"Shabeellaha Dhexe",54,"Balcad","District","District",NA,"Ballcad| Balad"
55,210,"SOM","Somalia",14,"Shabeellaha Dhexe",55,"Cadale","District","District",NA,"Caadale| Adale"
56,210,"SOM","Somalia",14,"Shabeellaha Dhexe",56,"Jawhar","District","District",NA,"Jowhar"
57,210,"SOM","Somalia",15,"Shabeellaha Hoose",57,"Afgooye","District","District",NA,"Afgoi| Afgoye"
58,210,"SOM","Somalia",15,"Shabeellaha Hoose",58,"Baraawe","District","District",NA,"Braawe"
59,210,"SOM","Somalia",15,"Shabeellaha Hoose",59,"Kuntuwaaray","District","District",NA,"Kurtunwaarey| Kurtun Warrey"
60,210,"SOM","Somalia",15,"Shabeellaha Hoose",60,"Marka","District","District",NA,"Mark Afgooye"
61,210,"SOM","Somalia",15,"Shabeellaha Hoose",61,"Qoryooley","District","District",NA,"Qoryoyley| Qoryoley"
62,210,"SOM","Somalia",15,"Shabeellaha Hoose",62,"Sablale","District","District",NA,"Sablaale"
63,210,"SOM","Somalia",15,"Shabeellaha Hoose",63,"Wanla Weyn","District","District",NA,"Wanlaweyne| Wanle Weyne"
64,210,"SOM","Somalia",16,"Sool",64,"Caynabo","District","District",NA,"Ainabo| Caynaba| Aynabo"
65,210,"SOM","Somalia",16,"Sool",65,"Lascaanod","District","District",NA,"Lasanod"
66,210,"SOM","Somalia",16,"Sool",66,"Taleex","District","District",NA,"Telex| Taleh"
67,210,"SOM","Somalia",16,"Sool",67,"Xudun","District","District",NA,"Hudun"
68,210,"SOM","Somalia",17,"Togdheer",68,"Burao","District","District",NA,"Burco"
69,210,"SOM","Somalia",17,"Togdheer",69,"Buuhoodle","District","District",NA,"Buuhodle| Buhodle"
70,210,"SOM","Somalia",17,"Togdheer",70,"Oodweyne","District","District",NA,"Odwenyen| Oodwayne| Odweine"
71,210,"SOM","Somalia",17,"Togdheer",71,"Sheekh","District","District",NA,"Sheik| Sheikh"
72,210,"SOM","Somalia",18,"Woqooyi Galbeed",72,"Berbera","District","District",NA,NA
73,210,"SOM","Somalia",18,"Woqooyi Galbeed",73,"Gabiley","District","District",NA,"Gebiley"
74,210,"SOM","Somalia",18,"Woqooyi Galbeed",74,"Hargeysa","District","District",NA,"Hargeisa"
